Физика. 8 класс. Рабочая тетрадь;978-5-09-015995-1;2007;96;Фадеева А.А.
Литература. Билеты и ответы. 11 класс;978-5-17-036931-7;2007;128;Фадеева Т.М.
Тема с вариациями;978-5-271-35680-3;2011;272;Каретников Н.Н.
Гимнастика для мамы и малыша от 0 до 3 лет;978-5-388-00661-5;2009;189;Ирина Тихомирова
Справочный словарь о русских писателях и ученых;978-5-4241-8045-3;1808;292;Геннади Г.Н.
Букварь китайской;978-5-4241-8520-5;1779;50;
Описание Сибирского царства и всех произошедших в нем дел;978-5-4241-9405-4;1750;506;Миллер Г.Ф.
Современный менеджмент. Учебник;978-5-4257-0063-6;2012;400;Кафидов В.В.
С атомом в сердце. Повести. Рассказы. Сказки. Сны;978-5-4329-0008-1;2011;384;Карин А.А.
Чудеса древней страны пирамид;978-5-458-00199-1;2011;516;Карл Оппель
История разных славенских народов наипаче же болгар, хорватов и сербов;978-5-458-01251-5;1794;564;Иоанн Раич
Европа.;978-5-458-01300-0;2011;374;Карл Риттер
Общий гербовник дворянских родов;978-5-458-05861-2;1800;316;Сборник
Первые основания металлургии, или рудных дел;978-5-458-08028-6;1763;438;Ломоносов М.В.
Путешествие по России для изследования трех царств естества;978-5-458-14361-5;1771;332;Гмелин С.Г.
Ядро истории Государя Петра Великаго;978-5-458-22952-4;1795;452;Нехачин Иван Васильевич
Планеты и луны;978-5-458-27356-5;2012;225;Кауфман У.
Справочник по растворимости;978-5-458-28194-2;2012;502;Кафаров В.В.
Равновесие между жидкостью и паром;978-5-458-33440-2;2012;643;Кафаров В.В.
Управление человеческими ресурсами;978-5-459-00875-3;2012;208;Кафидов В.В.
Управление человеческими ресурсами;978-5-459-00875-3;2012;208;Кафидов В.В.
План счетов бухгалтерского учета;978-5-49807-890-8;2011;272;Карзаева Н.Н.
История Русского народа от потопа до Рюрика;978-5-699-45465-5;2010;384;Манягин В.Г.
Шестьдесят пять лет в театре;978-5-8114-1169-6;2011;320;Карл Вальц
Шестьдесят пять лет в театре;978-5-8114-1169-6;2011;320;Карл Вальц
Happy Еnglish.ru 2 класс. Книга для учителя. ФГОС;978-5-8686-6579-0;2012;48;Кауфман К.И., Кауфман М.Ю.
Английский язык. Счастливый английский.ру. Happy English.ru. 6 класс. Учебник;978-5-86866-595-0;2012;272;Кауфман К.И., Кауфман М.Ю.
Учебник английского языка. Счастливый английский.ру. Happy English.ru для 9 класса;978-5-8686-6598-1;2012;272;Кауфман К.И., Кауфман М.Ю.
Английский язык. Рабочая тетрадь № 1 к учебнику Happy English.ru. 6 класс;978-5-8686-6614-8;2012;96;Кауфман К.И., Кауфман М.Ю.
Select architecture;978-5-8729-1712-0;1755;70;Robert Morris
A Dictionary of the English Language;978-5-8739-3502-4;1766;574;Johnson Samuel
Concilios Provinciales;978-5-8739-6804-6;1769;420;Francisco Antonio Lorenzana
Schauplatz des lands;978-5-8741-7969-4;1795;504;Franz Karl Wissgrill
Nordische heldenromane volume 4;978-5-8756-0830-8;1815;246;Dietrich
Grundliche Und Neuverbesserte Ungarische Grammatik;978-5-8758-1517-1;1779;636;Janos Farkas
Lateinisches lesebuch;978-5-8759-8760-1;1813;270;Friedrich Gedike
Vocabolario Siciliano Etimologico, Italiano E Latino;978-5-8773-3698-8;1745;818;Michele Pasqualino
Vertraute Briefe;978-5-8776-7092-1;1810;494;Johann Friedrich Reichardt
Die Hohere Geodasie;978-5-8781-0044-1;1816;448;Johann Leonhard Spath
Versuch eines schweizerischen idiotikon;978-5-8794-4936-5;1806;508;Franz Joseph Stalder
The City and Country builder's and workman's treasury of designs:;978-5-8795-5283-6;1741;223;Batty Langley
The Dead Shot: Or, Sportman's Complete Guide : Being a Treatise on the Use of the Gun, with.;978-5-8805-6024-0;2012;319;Marksman
A Treatise On Marks' Patent Artificial Limbs with Rubber Hands and Feet;978-5-8818-5735-6;2012;408;Marks, George E. (George Edwin), 1853-1932
Ukra;978-5-8819-0007-6;2012;330;Markovych, Opanas Vasyl'ovych, 1822-1867, Symoniv, Matvi, 1823-1900
The punishments of China;978-5-8819-3801-7;1801;98;Henry Dadley
Vocabulary of Common Words in English;978-5-8828-9816-7;2012;53;Markowitz, Alfred Junius, Starr, Samuel, 1884- joint author
The true citizen : how to become one;978-5-8833-7292-5;2012;273;Markwick, William Fisher, 1848-1911, Smith, William Alexander, 1866-
The Dead Shot: Or, Sportman's Complete Guide;978-5-8834-8812-1;2012;473;Marksman, pseud Marksman
A survey of selected solutions to problems of refraction and diffraction of light waves and sound waves;978-5-8837-8547-3;2012;76;Marks, Wilbur.
Important insecticides : directions for their preparation and use;978-5-8837-9025-5;2012;48;Marlatt, C. L
All the world's a stage : a novel;978-5-8840-6782-0;2012;320;Marks, Mary A. M
Dfjsdlkj lfkj;978-5-8843-6770-8;2012;72;marks_em@yahoo.com
Церковная догматика. Том 2;978-5-89647-239-1;2011;712;Карл Барт
Церковная догматика. Том 2;978-5-89647-239-1;2011;712;Карл Барт
Жила-была девочка?;978-5-903903-06-1;2011;352;Каримова А.А.
Искусство делового письма. Законы, хитрости, инструменты;978-5-91657-246-9;2011;248;Карепина С.
Русский язык. Пишем без ошибок. 3 класс;978-5-94455-949-4;2009;64;Ирина Стронская
Русский язык. Пишем без ошибок. 4 класс;978-5-94455-960-9;2009;64;Ирина Стронская
25 уроков для подготовки к чтению и письму;978-5-94455-971-5;2009;32;Ирина Семеренко
Облака в снегу;978-5-9533-5082-2;2010;112;Мао Цзэдун
101 совет по деловому письму;978-5-9614-1570-4;2011;56;Карепина С.
УЗИ в акушерстве и гинекологии;978-5-9704-1968-7;2011;304;Карен Л. Рейтер, Бабагбеми Т.К.
УЗИ в акушерстве и гинекологии;978-5-9704-1968-7;2011;304;Карен Л. Рейтер, Бабагбеми Т.К.
